<?xml version="1.0" encoding="UTF-8"?>
<project-private xmlns="http://www.netbeans.org/ns/project-private/1">
    <editor-bookmarks xmlns="http://www.netbeans.org/ns/editor-bookmarks/2" lastBookmarkId="0"/>
    <open-files xmlns="http://www.netbeans.org/ns/projectui-open-files/2">
        <group>
            <file>file:/C:/Users/youss/OneDrive/Documents/NetBeansProjects/Java2DDrawingApplicationTemplate/src/java2ddrawingapplication/MyShapes.java</file>
            <file>file:/C:/Users/youss/OneDrive/Documents/NetBeansProjects/Java2DDrawingApplicationTemplate/src/java2ddrawingapplication/MyLine.java</file>
            <file>file:/C:/Users/youss/OneDrive/Documents/NetBeansProjects/Java2DDrawingApplicationTemplate/src/java2ddrawingapplication/MyBoundedShapes.java</file>
            <file>file:/C:/Users/youss/OneDrive/Documents/NetBeansProjects/Java2DDrawingApplicationTemplate/src/java2ddrawingapplication/MyOval.java</file>
            <file>file:/C:/Users/youss/OneDrive/Documents/NetBeansProjects/Java2DDrawingApplicationTemplate/src/java2ddrawingapplication/DrawingApplicationFrame.java</file>
            <file>file:/C:/Users/youss/OneDrive/Documents/NetBeansProjects/Java2DDrawingApplicationTemplate/src/java2ddrawingapplication/MyRectangle.java</file>
        </group>
    </open-files>
</project-private>
